Rule ID,RTL Name,RTL Hierarchy,Message Body,File Name
ASSIGN,,,,
ASSIGN-1,,,,
ASSIGN-1# 1,-,axis_matmux_axi,"Arithmetic result not used with full precision, used bits: '4'",axis_matmux_axi.sv : 157
ASSIGN-5,,,,
ASSIGN-5# 1,gen_outputs[0].stage_data[1][2],axis_matmux_core,"Found bit(s) not assigned for signal 'gen_outputs[0].stage_data[1][2]', first unassigned bit '0'",axis_matmux_core.sv : 36
ASSIGN-5# 2,gen_outputs[0].stage_data[1][3],axis_matmux_core,"Found bit(s) not assigned for signal 'gen_outputs[0].stage_data[1][3]', first unassigned bit '0'",axis_matmux_core.sv : 36
ASSIGN-5# 3,gen_outputs[0].stage_data[2][1],axis_matmux_core,"Found bit(s) not assigned for signal 'gen_outputs[0].stage_data[2][1]', first unassigned bit '0'",axis_matmux_core.sv : 36
ASSIGN-5# 4,gen_outputs[0].stage_data[2][2],axis_matmux_core,"Found bit(s) not assigned for signal 'gen_outputs[0].stage_data[2][2]', first unassigned bit '0'",axis_matmux_core.sv : 36
ASSIGN-5# 5,gen_outputs[0].stage_data[2][3],axis_matmux_core,"Found bit(s) not assigned for signal 'gen_outputs[0].stage_data[2][3]', first unassigned bit '0'",axis_matmux_core.sv : 36
ASSIGN-5# 6,gen_outputs[0].stage_valid[1],axis_matmux_core,"Found bit(s) not assigned for signal 'gen_outputs[0].stage_valid[1]', first unassigned bit '2'",axis_matmux_core.sv : 37
ASSIGN-5# 7,gen_outputs[0].stage_valid[2],axis_matmux_core,"Found bit(s) not assigned for signal 'gen_outputs[0].stage_valid[2]', first unassigned bit '1'",axis_matmux_core.sv : 37
ASSIGN-10,,,,
ASSIGN-10# 1,s_axi_araddr,axis_matmux_axi,"Found bit(s) not read for IO port 's_axi_araddr', first unread bit '0'",axis_matmux_axi.sv : 23
ASSIGN-10# 2,s_axi_arprot,axis_matmux_axi,"Found bit(s) not read for IO port 's_axi_arprot', first unread bit '0'",axis_matmux_axi.sv : 24
ASSIGN-10# 3,s_axi_awaddr,axis_matmux_axi,"Found bit(s) not read for IO port 's_axi_awaddr', first unread bit '0'",axis_matmux_axi.sv : 12
ASSIGN-10# 4,s_axi_awprot,axis_matmux_axi,"Found bit(s) not read for IO port 's_axi_awprot', first unread bit '0'",axis_matmux_axi.sv : 13
ASSIGN-10# 5,s_axi_wdata,axis_matmux_axi,"Found bit(s) not read for IO port 's_axi_wdata', first unread bit '5'",axis_matmux_axi.sv : 16
ASSIGN-10# 6,output_enables,axis_matmux_core,"Found bit(s) not read for IO port 'output_enables', first unread bit '1'",axis_matmux_core.sv : 25
ASSIGN-10# 7,shift_matrix[0][10],axis_matmux_core,"Found bit(s) not read for IO port 'shift_matrix[0][10]', first unread bit '0'",axis_matmux_core.sv : 24
ASSIGN-10# 8,shift_matrix[0][11],axis_matmux_core,"Found bit(s) not read for IO port 'shift_matrix[0][11]', first unread bit '0'",axis_matmux_core.sv : 24
ASSIGN-10# 9,shift_matrix[0][12],axis_matmux_core,"Found bit(s) not read for IO port 'shift_matrix[0][12]', first unread bit '0'",axis_matmux_core.sv : 24
ASSIGN-10# 10,shift_matrix[0][13],axis_matmux_core,"Found bit(s) not read for IO port 'shift_matrix[0][13]', first unread bit '0'",axis_matmux_core.sv : 24
ASSIGN-10# 11,shift_matrix[0][14],axis_matmux_core,"Found bit(s) not read for IO port 'shift_matrix[0][14]', first unread bit '0'",axis_matmux_core.sv : 24
ASSIGN-10# 12,shift_matrix[0][15],axis_matmux_core,"Found bit(s) not read for IO port 'shift_matrix[0][15]', first unread bit '0'",axis_matmux_core.sv : 24
ASSIGN-10# 13,shift_matrix[0][4],axis_matmux_core,"Found bit(s) not read for IO port 'shift_matrix[0][4]', first unread bit '0'",axis_matmux_core.sv : 24
ASSIGN-10# 14,shift_matrix[0][5],axis_matmux_core,"Found bit(s) not read for IO port 'shift_matrix[0][5]', first unread bit '0'",axis_matmux_core.sv : 24
ASSIGN-10# 15,shift_matrix[0][6],axis_matmux_core,"Found bit(s) not read for IO port 'shift_matrix[0][6]', first unread bit '0'",axis_matmux_core.sv : 24
ASSIGN-10# 16,shift_matrix[0][7],axis_matmux_core,"Found bit(s) not read for IO port 'shift_matrix[0][7]', first unread bit '0'",axis_matmux_core.sv : 24
ASSIGN-10# 17,shift_matrix[0][8],axis_matmux_core,"Found bit(s) not read for IO port 'shift_matrix[0][8]', first unread bit '0'",axis_matmux_core.sv : 24
ASSIGN-10# 18,shift_matrix[0][9],axis_matmux_core,"Found bit(s) not read for IO port 'shift_matrix[0][9]', first unread bit '0'",axis_matmux_core.sv : 24
ASSIGN-10# 19,shift_matrix[10][0],axis_matmux_core,"Found bit(s) not read for IO port 'shift_matrix[10][0]', first unread bit '0'",axis_matmux_core.sv : 24
ASSIGN-10# 20,shift_matrix[10][10],axis_matmux_core,"Found bit(s) not read for IO port 'shift_matrix[10][10]', first unread bit '0'",axis_matmux_core.sv : 24
ASSIGN-10# 21,shift_matrix[10][11],axis_matmux_core,"Found bit(s) not read for IO port 'shift_matrix[10][11]', first unread bit '0'",axis_matmux_core.sv : 24
ASSIGN-10# 22,shift_matrix[10][12],axis_matmux_core,"Found bit(s) not read for IO port 'shift_matrix[10][12]', first unread bit '0'",axis_matmux_core.sv : 24
ASSIGN-10# 23,shift_matrix[10][13],axis_matmux_core,"Found bit(s) not read for IO port 'shift_matrix[10][13]', first unread bit '0'",axis_matmux_core.sv : 24
ASSIGN-10# 24,shift_matrix[10][14],axis_matmux_core,"Found bit(s) not read for IO port 'shift_matrix[10][14]', first unread bit '0'",axis_matmux_core.sv : 24
ASSIGN-10# 25,shift_matrix[10][15],axis_matmux_core,"Found bit(s) not read for IO port 'shift_matrix[10][15]', first unread bit '0'",axis_matmux_core.sv : 24
ASSIGN-10# 26,shift_matrix[10][1],axis_matmux_core,"Found bit(s) not read for IO port 'shift_matrix[10][1]', first unread bit '0'",axis_matmux_core.sv : 24
ASSIGN-10# 27,shift_matrix[10][2],axis_matmux_core,"Found bit(s) not read for IO port 'shift_matrix[10][2]', first unread bit '0'",axis_matmux_core.sv : 24
ASSIGN-10# 28,shift_matrix[10][3],axis_matmux_core,"Found bit(s) not read for IO port 'shift_matrix[10][3]', first unread bit '0'",axis_matmux_core.sv : 24
ASSIGN-10# 29,shift_matrix[10][4],axis_matmux_core,"Found bit(s) not read for IO port 'shift_matrix[10][4]', first unread bit '0'",axis_matmux_core.sv : 24
ASSIGN-10# 30,shift_matrix[10][5],axis_matmux_core,"Found bit(s) not read for IO port 'shift_matrix[10][5]', first unread bit '0'",axis_matmux_core.sv : 24
ASSIGN-10# 31,shift_matrix[10][6],axis_matmux_core,"Found bit(s) not read for IO port 'shift_matrix[10][6]', first unread bit '0'",axis_matmux_core.sv : 24
ASSIGN-10# 32,shift_matrix[10][7],axis_matmux_core,"Found bit(s) not read for IO port 'shift_matrix[10][7]', first unread bit '0'",axis_matmux_core.sv : 24
ASSIGN-10# 33,shift_matrix[10][8],axis_matmux_core,"Found bit(s) not read for IO port 'shift_matrix[10][8]', first unread bit '0'",axis_matmux_core.sv : 24
ASSIGN-10# 34,shift_matrix[10][9],axis_matmux_core,"Found bit(s) not read for IO port 'shift_matrix[10][9]', first unread bit '0'",axis_matmux_core.sv : 24
ASSIGN-10# 35,shift_matrix[11][0],axis_matmux_core,"Found bit(s) not read for IO port 'shift_matrix[11][0]', first unread bit '0'",axis_matmux_core.sv : 24
ASSIGN-10# 36,shift_matrix[11][10],axis_matmux_core,"Found bit(s) not read for IO port 'shift_matrix[11][10]', first unread bit '0'",axis_matmux_core.sv : 24
ASSIGN-10# 37,shift_matrix[11][11],axis_matmux_core,"Found bit(s) not read for IO port 'shift_matrix[11][11]', first unread bit '0'",axis_matmux_core.sv : 24
ASSIGN-10# 38,shift_matrix[11][12],axis_matmux_core,"Found bit(s) not read for IO port 'shift_matrix[11][12]', first unread bit '0'",axis_matmux_core.sv : 24
ASSIGN-10# 39,shift_matrix[11][13],axis_matmux_core,"Found bit(s) not read for IO port 'shift_matrix[11][13]', first unread bit '0'",axis_matmux_core.sv : 24
ASSIGN-10# 40,shift_matrix[11][14],axis_matmux_core,"Found bit(s) not read for IO port 'shift_matrix[11][14]', first unread bit '0'",axis_matmux_core.sv : 24
ASSIGN-10# 41,shift_matrix[11][15],axis_matmux_core,"Found bit(s) not read for IO port 'shift_matrix[11][15]', first unread bit '0'",axis_matmux_core.sv : 24
ASSIGN-10# 42,shift_matrix[11][1],axis_matmux_core,"Found bit(s) not read for IO port 'shift_matrix[11][1]', first unread bit '0'",axis_matmux_core.sv : 24
ASSIGN-10# 43,shift_matrix[11][2],axis_matmux_core,"Found bit(s) not read for IO port 'shift_matrix[11][2]', first unread bit '0'",axis_matmux_core.sv : 24
ASSIGN-10# 44,shift_matrix[11][3],axis_matmux_core,"Found bit(s) not read for IO port 'shift_matrix[11][3]', first unread bit '0'",axis_matmux_core.sv : 24
ASSIGN-10# 45,shift_matrix[11][4],axis_matmux_core,"Found bit(s) not read for IO port 'shift_matrix[11][4]', first unread bit '0'",axis_matmux_core.sv : 24
ASSIGN-10# 46,shift_matrix[11][5],axis_matmux_core,"Found bit(s) not read for IO port 'shift_matrix[11][5]', first unread bit '0'",axis_matmux_core.sv : 24
ASSIGN-10# 47,shift_matrix[11][6],axis_matmux_core,"Found bit(s) not read for IO port 'shift_matrix[11][6]', first unread bit '0'",axis_matmux_core.sv : 24
ASSIGN-10# 48,shift_matrix[11][7],axis_matmux_core,"Found bit(s) not read for IO port 'shift_matrix[11][7]', first unread bit '0'",axis_matmux_core.sv : 24
ASSIGN-10# 49,shift_matrix[11][8],axis_matmux_core,"Found bit(s) not read for IO port 'shift_matrix[11][8]', first unread bit '0'",axis_matmux_core.sv : 24
ASSIGN-10# 50,shift_matrix[11][9],axis_matmux_core,"Found bit(s) not read for IO port 'shift_matrix[11][9]', first unread bit '0'",axis_matmux_core.sv : 24
ASSIGN-10# 51,shift_matrix[12][0],axis_matmux_core,"Found bit(s) not read for IO port 'shift_matrix[12][0]', first unread bit '0'",axis_matmux_core.sv : 24
ASSIGN-10# 52,shift_matrix[12][10],axis_matmux_core,"Found bit(s) not read for IO port 'shift_matrix[12][10]', first unread bit '0'",axis_matmux_core.sv : 24
ASSIGN-10# 53,shift_matrix[12][11],axis_matmux_core,"Found bit(s) not read for IO port 'shift_matrix[12][11]', first unread bit '0'",axis_matmux_core.sv : 24
ASSIGN-10# 54,shift_matrix[12][12],axis_matmux_core,"Found bit(s) not read for IO port 'shift_matrix[12][12]', first unread bit '0'",axis_matmux_core.sv : 24
ASSIGN-10# 55,shift_matrix[12][13],axis_matmux_core,"Found bit(s) not read for IO port 'shift_matrix[12][13]', first unread bit '0'",axis_matmux_core.sv : 24
ASSIGN-10# 56,shift_matrix[12][14],axis_matmux_core,"Found bit(s) not read for IO port 'shift_matrix[12][14]', first unread bit '0'",axis_matmux_core.sv : 24
ASSIGN-10# 57,shift_matrix[12][15],axis_matmux_core,"Found bit(s) not read for IO port 'shift_matrix[12][15]', first unread bit '0'",axis_matmux_core.sv : 24
ASSIGN-10# 58,shift_matrix[12][1],axis_matmux_core,"Found bit(s) not read for IO port 'shift_matrix[12][1]', first unread bit '0'",axis_matmux_core.sv : 24
ASSIGN-10# 59,shift_matrix[12][2],axis_matmux_core,"Found bit(s) not read for IO port 'shift_matrix[12][2]', first unread bit '0'",axis_matmux_core.sv : 24
ASSIGN-10# 60,shift_matrix[12][3],axis_matmux_core,"Found bit(s) not read for IO port 'shift_matrix[12][3]', first unread bit '0'",axis_matmux_core.sv : 24
ASSIGN-10# 61,shift_matrix[12][4],axis_matmux_core,"Found bit(s) not read for IO port 'shift_matrix[12][4]', first unread bit '0'",axis_matmux_core.sv : 24
ASSIGN-10# 62,shift_matrix[12][5],axis_matmux_core,"Found bit(s) not read for IO port 'shift_matrix[12][5]', first unread bit '0'",axis_matmux_core.sv : 24
ASSIGN-10# 63,shift_matrix[12][6],axis_matmux_core,"Found bit(s) not read for IO port 'shift_matrix[12][6]', first unread bit '0'",axis_matmux_core.sv : 24
ASSIGN-10# 64,shift_matrix[12][7],axis_matmux_core,"Found bit(s) not read for IO port 'shift_matrix[12][7]', first unread bit '0'",axis_matmux_core.sv : 24
ASSIGN-10# 65,shift_matrix[12][8],axis_matmux_core,"Found bit(s) not read for IO port 'shift_matrix[12][8]', first unread bit '0'",axis_matmux_core.sv : 24
ASSIGN-10# 66,shift_matrix[12][9],axis_matmux_core,"Found bit(s) not read for IO port 'shift_matrix[12][9]', first unread bit '0'",axis_matmux_core.sv : 24
ASSIGN-10# 67,shift_matrix[13][0],axis_matmux_core,"Found bit(s) not read for IO port 'shift_matrix[13][0]', first unread bit '0'",axis_matmux_core.sv : 24
ASSIGN-10# 68,shift_matrix[13][10],axis_matmux_core,"Found bit(s) not read for IO port 'shift_matrix[13][10]', first unread bit '0'",axis_matmux_core.sv : 24
ASSIGN-10# 69,shift_matrix[13][11],axis_matmux_core,"Found bit(s) not read for IO port 'shift_matrix[13][11]', first unread bit '0'",axis_matmux_core.sv : 24
ASSIGN-10# 70,shift_matrix[13][12],axis_matmux_core,"Found bit(s) not read for IO port 'shift_matrix[13][12]', first unread bit '0'",axis_matmux_core.sv : 24
ASSIGN-10# 71,shift_matrix[13][13],axis_matmux_core,"Found bit(s) not read for IO port 'shift_matrix[13][13]', first unread bit '0'",axis_matmux_core.sv : 24
ASSIGN-10# 72,shift_matrix[13][14],axis_matmux_core,"Found bit(s) not read for IO port 'shift_matrix[13][14]', first unread bit '0'",axis_matmux_core.sv : 24
ASSIGN-10# 73,shift_matrix[13][15],axis_matmux_core,"Found bit(s) not read for IO port 'shift_matrix[13][15]', first unread bit '0'",axis_matmux_core.sv : 24
ASSIGN-10# 74,shift_matrix[13][1],axis_matmux_core,"Found bit(s) not read for IO port 'shift_matrix[13][1]', first unread bit '0'",axis_matmux_core.sv : 24
ASSIGN-10# 75,shift_matrix[13][2],axis_matmux_core,"Found bit(s) not read for IO port 'shift_matrix[13][2]', first unread bit '0'",axis_matmux_core.sv : 24
ASSIGN-10# 76,shift_matrix[13][3],axis_matmux_core,"Found bit(s) not read for IO port 'shift_matrix[13][3]', first unread bit '0'",axis_matmux_core.sv : 24
ASSIGN-10# 77,shift_matrix[13][4],axis_matmux_core,"Found bit(s) not read for IO port 'shift_matrix[13][4]', first unread bit '0'",axis_matmux_core.sv : 24
ASSIGN-10# 78,shift_matrix[13][5],axis_matmux_core,"Found bit(s) not read for IO port 'shift_matrix[13][5]', first unread bit '0'",axis_matmux_core.sv : 24
ASSIGN-10# 79,shift_matrix[13][6],axis_matmux_core,"Found bit(s) not read for IO port 'shift_matrix[13][6]', first unread bit '0'",axis_matmux_core.sv : 24
ASSIGN-10# 80,shift_matrix[13][7],axis_matmux_core,"Found bit(s) not read for IO port 'shift_matrix[13][7]', first unread bit '0'",axis_matmux_core.sv : 24
ASSIGN-10# 81,shift_matrix[13][8],axis_matmux_core,"Found bit(s) not read for IO port 'shift_matrix[13][8]', first unread bit '0'",axis_matmux_core.sv : 24
ASSIGN-10# 82,shift_matrix[13][9],axis_matmux_core,"Found bit(s) not read for IO port 'shift_matrix[13][9]', first unread bit '0'",axis_matmux_core.sv : 24
ASSIGN-10# 83,shift_matrix[14][0],axis_matmux_core,"Found bit(s) not read for IO port 'shift_matrix[14][0]', first unread bit '0'",axis_matmux_core.sv : 24
ASSIGN-10# 84,shift_matrix[14][10],axis_matmux_core,"Found bit(s) not read for IO port 'shift_matrix[14][10]', first unread bit '0'",axis_matmux_core.sv : 24
ASSIGN-10# 85,shift_matrix[14][11],axis_matmux_core,"Found bit(s) not read for IO port 'shift_matrix[14][11]', first unread bit '0'",axis_matmux_core.sv : 24
ASSIGN-10# 86,shift_matrix[14][12],axis_matmux_core,"Found bit(s) not read for IO port 'shift_matrix[14][12]', first unread bit '0'",axis_matmux_core.sv : 24
ASSIGN-10# 87,shift_matrix[14][13],axis_matmux_core,"Found bit(s) not read for IO port 'shift_matrix[14][13]', first unread bit '0'",axis_matmux_core.sv : 24
ASSIGN-10# 88,shift_matrix[14][14],axis_matmux_core,"Found bit(s) not read for IO port 'shift_matrix[14][14]', first unread bit '0'",axis_matmux_core.sv : 24
ASSIGN-10# 89,shift_matrix[14][15],axis_matmux_core,"Found bit(s) not read for IO port 'shift_matrix[14][15]', first unread bit '0'",axis_matmux_core.sv : 24
ASSIGN-10# 90,shift_matrix[14][1],axis_matmux_core,"Found bit(s) not read for IO port 'shift_matrix[14][1]', first unread bit '0'",axis_matmux_core.sv : 24
ASSIGN-10# 91,shift_matrix[14][2],axis_matmux_core,"Found bit(s) not read for IO port 'shift_matrix[14][2]', first unread bit '0'",axis_matmux_core.sv : 24
ASSIGN-10# 92,shift_matrix[14][3],axis_matmux_core,"Found bit(s) not read for IO port 'shift_matrix[14][3]', first unread bit '0'",axis_matmux_core.sv : 24
ASSIGN-10# 93,shift_matrix[14][4],axis_matmux_core,"Found bit(s) not read for IO port 'shift_matrix[14][4]', first unread bit '0'",axis_matmux_core.sv : 24
ASSIGN-10# 94,shift_matrix[14][5],axis_matmux_core,"Found bit(s) not read for IO port 'shift_matrix[14][5]', first unread bit '0'",axis_matmux_core.sv : 24
ASSIGN-10# 95,shift_matrix[14][6],axis_matmux_core,"Found bit(s) not read for IO port 'shift_matrix[14][6]', first unread bit '0'",axis_matmux_core.sv : 24
ASSIGN-10# 96,shift_matrix[14][7],axis_matmux_core,"Found bit(s) not read for IO port 'shift_matrix[14][7]', first unread bit '0'",axis_matmux_core.sv : 24
ASSIGN-10# 97,shift_matrix[14][8],axis_matmux_core,"Found bit(s) not read for IO port 'shift_matrix[14][8]', first unread bit '0'",axis_matmux_core.sv : 24
ASSIGN-10# 98,shift_matrix[14][9],axis_matmux_core,"Found bit(s) not read for IO port 'shift_matrix[14][9]', first unread bit '0'",axis_matmux_core.sv : 24
ASSIGN-10# 99,shift_matrix[15][0],axis_matmux_core,"Found bit(s) not read for IO port 'shift_matrix[15][0]', first unread bit '0'",axis_matmux_core.sv : 24
ASSIGN-10# 100,shift_matrix[15][10],axis_matmux_core,"Found bit(s) not read for IO port 'shift_matrix[15][10]', first unread bit '0'",axis_matmux_core.sv : 24
ASSIGN-10# 101,shift_matrix[15][11],axis_matmux_core,"Found bit(s) not read for IO port 'shift_matrix[15][11]', first unread bit '0'",axis_matmux_core.sv : 24
ASSIGN-10# 102,shift_matrix[15][12],axis_matmux_core,"Found bit(s) not read for IO port 'shift_matrix[15][12]', first unread bit '0'",axis_matmux_core.sv : 24
ASSIGN-10# 103,shift_matrix[15][13],axis_matmux_core,"Found bit(s) not read for IO port 'shift_matrix[15][13]', first unread bit '0'",axis_matmux_core.sv : 24
ASSIGN-10# 104,shift_matrix[15][14],axis_matmux_core,"Found bit(s) not read for IO port 'shift_matrix[15][14]', first unread bit '0'",axis_matmux_core.sv : 24
ASSIGN-10# 105,shift_matrix[15][15],axis_matmux_core,"Found bit(s) not read for IO port 'shift_matrix[15][15]', first unread bit '0'",axis_matmux_core.sv : 24
ASSIGN-10# 106,shift_matrix[15][1],axis_matmux_core,"Found bit(s) not read for IO port 'shift_matrix[15][1]', first unread bit '0'",axis_matmux_core.sv : 24
ASSIGN-10# 107,shift_matrix[15][2],axis_matmux_core,"Found bit(s) not read for IO port 'shift_matrix[15][2]', first unread bit '0'",axis_matmux_core.sv : 24
ASSIGN-10# 108,shift_matrix[15][3],axis_matmux_core,"Found bit(s) not read for IO port 'shift_matrix[15][3]', first unread bit '0'",axis_matmux_core.sv : 24
ASSIGN-10# 109,shift_matrix[15][4],axis_matmux_core,"Found bit(s) not read for IO port 'shift_matrix[15][4]', first unread bit '0'",axis_matmux_core.sv : 24
ASSIGN-10# 110,shift_matrix[15][5],axis_matmux_core,"Found bit(s) not read for IO port 'shift_matrix[15][5]', first unread bit '0'",axis_matmux_core.sv : 24
ASSIGN-10# 111,shift_matrix[15][6],axis_matmux_core,"Found bit(s) not read for IO port 'shift_matrix[15][6]', first unread bit '0'",axis_matmux_core.sv : 24
ASSIGN-10# 112,shift_matrix[15][7],axis_matmux_core,"Found bit(s) not read for IO port 'shift_matrix[15][7]', first unread bit '0'",axis_matmux_core.sv : 24
ASSIGN-10# 113,shift_matrix[15][8],axis_matmux_core,"Found bit(s) not read for IO port 'shift_matrix[15][8]', first unread bit '0'",axis_matmux_core.sv : 24
ASSIGN-10# 114,shift_matrix[15][9],axis_matmux_core,"Found bit(s) not read for IO port 'shift_matrix[15][9]', first unread bit '0'",axis_matmux_core.sv : 24
ASSIGN-10# 115,shift_matrix[1][0],axis_matmux_core,"Found bit(s) not read for IO port 'shift_matrix[1][0]', first unread bit '0'",axis_matmux_core.sv : 24
ASSIGN-10# 116,shift_matrix[1][10],axis_matmux_core,"Found bit(s) not read for IO port 'shift_matrix[1][10]', first unread bit '0'",axis_matmux_core.sv : 24
ASSIGN-10# 117,shift_matrix[1][11],axis_matmux_core,"Found bit(s) not read for IO port 'shift_matrix[1][11]', first unread bit '0'",axis_matmux_core.sv : 24
ASSIGN-10# 118,shift_matrix[1][12],axis_matmux_core,"Found bit(s) not read for IO port 'shift_matrix[1][12]', first unread bit '0'",axis_matmux_core.sv : 24
ASSIGN-10# 119,shift_matrix[1][13],axis_matmux_core,"Found bit(s) not read for IO port 'shift_matrix[1][13]', first unread bit '0'",axis_matmux_core.sv : 24
ASSIGN-10# 120,shift_matrix[1][14],axis_matmux_core,"Found bit(s) not read for IO port 'shift_matrix[1][14]', first unread bit '0'",axis_matmux_core.sv : 24
ASSIGN-10# 121,shift_matrix[1][15],axis_matmux_core,"Found bit(s) not read for IO port 'shift_matrix[1][15]', first unread bit '0'",axis_matmux_core.sv : 24
ASSIGN-10# 122,shift_matrix[1][1],axis_matmux_core,"Found bit(s) not read for IO port 'shift_matrix[1][1]', first unread bit '0'",axis_matmux_core.sv : 24
ASSIGN-10# 123,shift_matrix[1][2],axis_matmux_core,"Found bit(s) not read for IO port 'shift_matrix[1][2]', first unread bit '0'",axis_matmux_core.sv : 24
ASSIGN-10# 124,shift_matrix[1][3],axis_matmux_core,"Found bit(s) not read for IO port 'shift_matrix[1][3]', first unread bit '0'",axis_matmux_core.sv : 24
ASSIGN-10# 125,shift_matrix[1][4],axis_matmux_core,"Found bit(s) not read for IO port 'shift_matrix[1][4]', first unread bit '0'",axis_matmux_core.sv : 24
ASSIGN-10# 126,shift_matrix[1][5],axis_matmux_core,"Found bit(s) not read for IO port 'shift_matrix[1][5]', first unread bit '0'",axis_matmux_core.sv : 24
ASSIGN-10# 127,shift_matrix[1][6],axis_matmux_core,"Found bit(s) not read for IO port 'shift_matrix[1][6]', first unread bit '0'",axis_matmux_core.sv : 24
ASSIGN-10# 128,shift_matrix[1][7],axis_matmux_core,"Found bit(s) not read for IO port 'shift_matrix[1][7]', first unread bit '0'",axis_matmux_core.sv : 24
ASSIGN-10# 129,shift_matrix[1][8],axis_matmux_core,"Found bit(s) not read for IO port 'shift_matrix[1][8]', first unread bit '0'",axis_matmux_core.sv : 24
ASSIGN-10# 130,shift_matrix[1][9],axis_matmux_core,"Found bit(s) not read for IO port 'shift_matrix[1][9]', first unread bit '0'",axis_matmux_core.sv : 24
ASSIGN-10# 131,shift_matrix[2][0],axis_matmux_core,"Found bit(s) not read for IO port 'shift_matrix[2][0]', first unread bit '0'",axis_matmux_core.sv : 24
ASSIGN-10# 132,shift_matrix[2][10],axis_matmux_core,"Found bit(s) not read for IO port 'shift_matrix[2][10]', first unread bit '0'",axis_matmux_core.sv : 24
ASSIGN-10# 133,shift_matrix[2][11],axis_matmux_core,"Found bit(s) not read for IO port 'shift_matrix[2][11]', first unread bit '0'",axis_matmux_core.sv : 24
ASSIGN-10# 134,shift_matrix[2][12],axis_matmux_core,"Found bit(s) not read for IO port 'shift_matrix[2][12]', first unread bit '0'",axis_matmux_core.sv : 24
ASSIGN-10# 135,shift_matrix[2][13],axis_matmux_core,"Found bit(s) not read for IO port 'shift_matrix[2][13]', first unread bit '0'",axis_matmux_core.sv : 24
ASSIGN-10# 136,shift_matrix[2][14],axis_matmux_core,"Found bit(s) not read for IO port 'shift_matrix[2][14]', first unread bit '0'",axis_matmux_core.sv : 24
ASSIGN-10# 137,shift_matrix[2][15],axis_matmux_core,"Found bit(s) not read for IO port 'shift_matrix[2][15]', first unread bit '0'",axis_matmux_core.sv : 24
ASSIGN-10# 138,shift_matrix[2][1],axis_matmux_core,"Found bit(s) not read for IO port 'shift_matrix[2][1]', first unread bit '0'",axis_matmux_core.sv : 24
ASSIGN-10# 139,shift_matrix[2][2],axis_matmux_core,"Found bit(s) not read for IO port 'shift_matrix[2][2]', first unread bit '0'",axis_matmux_core.sv : 24
ASSIGN-10# 140,shift_matrix[2][3],axis_matmux_core,"Found bit(s) not read for IO port 'shift_matrix[2][3]', first unread bit '0'",axis_matmux_core.sv : 24
ASSIGN-10# 141,shift_matrix[2][4],axis_matmux_core,"Found bit(s) not read for IO port 'shift_matrix[2][4]', first unread bit '0'",axis_matmux_core.sv : 24
ASSIGN-10# 142,shift_matrix[2][5],axis_matmux_core,"Found bit(s) not read for IO port 'shift_matrix[2][5]', first unread bit '0'",axis_matmux_core.sv : 24
ASSIGN-10# 143,shift_matrix[2][6],axis_matmux_core,"Found bit(s) not read for IO port 'shift_matrix[2][6]', first unread bit '0'",axis_matmux_core.sv : 24
ASSIGN-10# 144,shift_matrix[2][7],axis_matmux_core,"Found bit(s) not read for IO port 'shift_matrix[2][7]', first unread bit '0'",axis_matmux_core.sv : 24
ASSIGN-10# 145,shift_matrix[2][8],axis_matmux_core,"Found bit(s) not read for IO port 'shift_matrix[2][8]', first unread bit '0'",axis_matmux_core.sv : 24
ASSIGN-10# 146,shift_matrix[2][9],axis_matmux_core,"Found bit(s) not read for IO port 'shift_matrix[2][9]', first unread bit '0'",axis_matmux_core.sv : 24
ASSIGN-10# 147,shift_matrix[3][0],axis_matmux_core,"Found bit(s) not read for IO port 'shift_matrix[3][0]', first unread bit '0'",axis_matmux_core.sv : 24
ASSIGN-10# 148,shift_matrix[3][10],axis_matmux_core,"Found bit(s) not read for IO port 'shift_matrix[3][10]', first unread bit '0'",axis_matmux_core.sv : 24
ASSIGN-10# 149,shift_matrix[3][11],axis_matmux_core,"Found bit(s) not read for IO port 'shift_matrix[3][11]', first unread bit '0'",axis_matmux_core.sv : 24
ASSIGN-10# 150,shift_matrix[3][12],axis_matmux_core,"Found bit(s) not read for IO port 'shift_matrix[3][12]', first unread bit '0'",axis_matmux_core.sv : 24
ASSIGN-10# 151,shift_matrix[3][13],axis_matmux_core,"Found bit(s) not read for IO port 'shift_matrix[3][13]', first unread bit '0'",axis_matmux_core.sv : 24
ASSIGN-10# 152,shift_matrix[3][14],axis_matmux_core,"Found bit(s) not read for IO port 'shift_matrix[3][14]', first unread bit '0'",axis_matmux_core.sv : 24
ASSIGN-10# 153,shift_matrix[3][15],axis_matmux_core,"Found bit(s) not read for IO port 'shift_matrix[3][15]', first unread bit '0'",axis_matmux_core.sv : 24
ASSIGN-10# 154,shift_matrix[3][1],axis_matmux_core,"Found bit(s) not read for IO port 'shift_matrix[3][1]', first unread bit '0'",axis_matmux_core.sv : 24
ASSIGN-10# 155,shift_matrix[3][2],axis_matmux_core,"Found bit(s) not read for IO port 'shift_matrix[3][2]', first unread bit '0'",axis_matmux_core.sv : 24
ASSIGN-10# 156,shift_matrix[3][3],axis_matmux_core,"Found bit(s) not read for IO port 'shift_matrix[3][3]', first unread bit '0'",axis_matmux_core.sv : 24
ASSIGN-10# 157,shift_matrix[3][4],axis_matmux_core,"Found bit(s) not read for IO port 'shift_matrix[3][4]', first unread bit '0'",axis_matmux_core.sv : 24
ASSIGN-10# 158,shift_matrix[3][5],axis_matmux_core,"Found bit(s) not read for IO port 'shift_matrix[3][5]', first unread bit '0'",axis_matmux_core.sv : 24
ASSIGN-10# 159,shift_matrix[3][6],axis_matmux_core,"Found bit(s) not read for IO port 'shift_matrix[3][6]', first unread bit '0'",axis_matmux_core.sv : 24
ASSIGN-10# 160,shift_matrix[3][7],axis_matmux_core,"Found bit(s) not read for IO port 'shift_matrix[3][7]', first unread bit '0'",axis_matmux_core.sv : 24
ASSIGN-10# 161,shift_matrix[3][8],axis_matmux_core,"Found bit(s) not read for IO port 'shift_matrix[3][8]', first unread bit '0'",axis_matmux_core.sv : 24
ASSIGN-10# 162,shift_matrix[3][9],axis_matmux_core,"Found bit(s) not read for IO port 'shift_matrix[3][9]', first unread bit '0'",axis_matmux_core.sv : 24
ASSIGN-10# 163,shift_matrix[4][0],axis_matmux_core,"Found bit(s) not read for IO port 'shift_matrix[4][0]', first unread bit '0'",axis_matmux_core.sv : 24
ASSIGN-10# 164,shift_matrix[4][10],axis_matmux_core,"Found bit(s) not read for IO port 'shift_matrix[4][10]', first unread bit '0'",axis_matmux_core.sv : 24
ASSIGN-10# 165,shift_matrix[4][11],axis_matmux_core,"Found bit(s) not read for IO port 'shift_matrix[4][11]', first unread bit '0'",axis_matmux_core.sv : 24
ASSIGN-10# 166,shift_matrix[4][12],axis_matmux_core,"Found bit(s) not read for IO port 'shift_matrix[4][12]', first unread bit '0'",axis_matmux_core.sv : 24
ASSIGN-10# 167,shift_matrix[4][13],axis_matmux_core,"Found bit(s) not read for IO port 'shift_matrix[4][13]', first unread bit '0'",axis_matmux_core.sv : 24
ASSIGN-10# 168,shift_matrix[4][14],axis_matmux_core,"Found bit(s) not read for IO port 'shift_matrix[4][14]', first unread bit '0'",axis_matmux_core.sv : 24
ASSIGN-10# 169,shift_matrix[4][15],axis_matmux_core,"Found bit(s) not read for IO port 'shift_matrix[4][15]', first unread bit '0'",axis_matmux_core.sv : 24
ASSIGN-10# 170,shift_matrix[4][1],axis_matmux_core,"Found bit(s) not read for IO port 'shift_matrix[4][1]', first unread bit '0'",axis_matmux_core.sv : 24
ASSIGN-10# 171,shift_matrix[4][2],axis_matmux_core,"Found bit(s) not read for IO port 'shift_matrix[4][2]', first unread bit '0'",axis_matmux_core.sv : 24
ASSIGN-10# 172,shift_matrix[4][3],axis_matmux_core,"Found bit(s) not read for IO port 'shift_matrix[4][3]', first unread bit '0'",axis_matmux_core.sv : 24
ASSIGN-10# 173,shift_matrix[4][4],axis_matmux_core,"Found bit(s) not read for IO port 'shift_matrix[4][4]', first unread bit '0'",axis_matmux_core.sv : 24
ASSIGN-10# 174,shift_matrix[4][5],axis_matmux_core,"Found bit(s) not read for IO port 'shift_matrix[4][5]', first unread bit '0'",axis_matmux_core.sv : 24
ASSIGN-10# 175,shift_matrix[4][6],axis_matmux_core,"Found bit(s) not read for IO port 'shift_matrix[4][6]', first unread bit '0'",axis_matmux_core.sv : 24
ASSIGN-10# 176,shift_matrix[4][7],axis_matmux_core,"Found bit(s) not read for IO port 'shift_matrix[4][7]', first unread bit '0'",axis_matmux_core.sv : 24
ASSIGN-10# 177,shift_matrix[4][8],axis_matmux_core,"Found bit(s) not read for IO port 'shift_matrix[4][8]', first unread bit '0'",axis_matmux_core.sv : 24
ASSIGN-10# 178,shift_matrix[4][9],axis_matmux_core,"Found bit(s) not read for IO port 'shift_matrix[4][9]', first unread bit '0'",axis_matmux_core.sv : 24
ASSIGN-10# 179,shift_matrix[5][0],axis_matmux_core,"Found bit(s) not read for IO port 'shift_matrix[5][0]', first unread bit '0'",axis_matmux_core.sv : 24
ASSIGN-10# 180,shift_matrix[5][10],axis_matmux_core,"Found bit(s) not read for IO port 'shift_matrix[5][10]', first unread bit '0'",axis_matmux_core.sv : 24
ASSIGN-10# 181,shift_matrix[5][11],axis_matmux_core,"Found bit(s) not read for IO port 'shift_matrix[5][11]', first unread bit '0'",axis_matmux_core.sv : 24
ASSIGN-10# 182,shift_matrix[5][12],axis_matmux_core,"Found bit(s) not read for IO port 'shift_matrix[5][12]', first unread bit '0'",axis_matmux_core.sv : 24
ASSIGN-10# 183,shift_matrix[5][13],axis_matmux_core,"Found bit(s) not read for IO port 'shift_matrix[5][13]', first unread bit '0'",axis_matmux_core.sv : 24
ASSIGN-10# 184,shift_matrix[5][14],axis_matmux_core,"Found bit(s) not read for IO port 'shift_matrix[5][14]', first unread bit '0'",axis_matmux_core.sv : 24
ASSIGN-10# 185,shift_matrix[5][15],axis_matmux_core,"Found bit(s) not read for IO port 'shift_matrix[5][15]', first unread bit '0'",axis_matmux_core.sv : 24
ASSIGN-10# 186,shift_matrix[5][1],axis_matmux_core,"Found bit(s) not read for IO port 'shift_matrix[5][1]', first unread bit '0'",axis_matmux_core.sv : 24
ASSIGN-10# 187,shift_matrix[5][2],axis_matmux_core,"Found bit(s) not read for IO port 'shift_matrix[5][2]', first unread bit '0'",axis_matmux_core.sv : 24
ASSIGN-10# 188,shift_matrix[5][3],axis_matmux_core,"Found bit(s) not read for IO port 'shift_matrix[5][3]', first unread bit '0'",axis_matmux_core.sv : 24
ASSIGN-10# 189,shift_matrix[5][4],axis_matmux_core,"Found bit(s) not read for IO port 'shift_matrix[5][4]', first unread bit '0'",axis_matmux_core.sv : 24
ASSIGN-10# 190,shift_matrix[5][5],axis_matmux_core,"Found bit(s) not read for IO port 'shift_matrix[5][5]', first unread bit '0'",axis_matmux_core.sv : 24
ASSIGN-10# 191,shift_matrix[5][6],axis_matmux_core,"Found bit(s) not read for IO port 'shift_matrix[5][6]', first unread bit '0'",axis_matmux_core.sv : 24
ASSIGN-10# 192,shift_matrix[5][7],axis_matmux_core,"Found bit(s) not read for IO port 'shift_matrix[5][7]', first unread bit '0'",axis_matmux_core.sv : 24
ASSIGN-10# 193,shift_matrix[5][8],axis_matmux_core,"Found bit(s) not read for IO port 'shift_matrix[5][8]', first unread bit '0'",axis_matmux_core.sv : 24
ASSIGN-10# 194,shift_matrix[5][9],axis_matmux_core,"Found bit(s) not read for IO port 'shift_matrix[5][9]', first unread bit '0'",axis_matmux_core.sv : 24
ASSIGN-10# 195,shift_matrix[6][0],axis_matmux_core,"Found bit(s) not read for IO port 'shift_matrix[6][0]', first unread bit '0'",axis_matmux_core.sv : 24
ASSIGN-10# 196,shift_matrix[6][10],axis_matmux_core,"Found bit(s) not read for IO port 'shift_matrix[6][10]', first unread bit '0'",axis_matmux_core.sv : 24
ASSIGN-10# 197,shift_matrix[6][11],axis_matmux_core,"Found bit(s) not read for IO port 'shift_matrix[6][11]', first unread bit '0'",axis_matmux_core.sv : 24
ASSIGN-10# 198,shift_matrix[6][12],axis_matmux_core,"Found bit(s) not read for IO port 'shift_matrix[6][12]', first unread bit '0'",axis_matmux_core.sv : 24
ASSIGN-10# 199,shift_matrix[6][13],axis_matmux_core,"Found bit(s) not read for IO port 'shift_matrix[6][13]', first unread bit '0'",axis_matmux_core.sv : 24
ASSIGN-10# 200,shift_matrix[6][14],axis_matmux_core,"Found bit(s) not read for IO port 'shift_matrix[6][14]', first unread bit '0'",axis_matmux_core.sv : 24
ASSIGN-10# 201,shift_matrix[6][15],axis_matmux_core,"Found bit(s) not read for IO port 'shift_matrix[6][15]', first unread bit '0'",axis_matmux_core.sv : 24
ASSIGN-10# 202,shift_matrix[6][1],axis_matmux_core,"Found bit(s) not read for IO port 'shift_matrix[6][1]', first unread bit '0'",axis_matmux_core.sv : 24
ASSIGN-10# 203,shift_matrix[6][2],axis_matmux_core,"Found bit(s) not read for IO port 'shift_matrix[6][2]', first unread bit '0'",axis_matmux_core.sv : 24
ASSIGN-10# 204,shift_matrix[6][3],axis_matmux_core,"Found bit(s) not read for IO port 'shift_matrix[6][3]', first unread bit '0'",axis_matmux_core.sv : 24
ASSIGN-10# 205,shift_matrix[6][4],axis_matmux_core,"Found bit(s) not read for IO port 'shift_matrix[6][4]', first unread bit '0'",axis_matmux_core.sv : 24
ASSIGN-10# 206,shift_matrix[6][5],axis_matmux_core,"Found bit(s) not read for IO port 'shift_matrix[6][5]', first unread bit '0'",axis_matmux_core.sv : 24
ASSIGN-10# 207,shift_matrix[6][6],axis_matmux_core,"Found bit(s) not read for IO port 'shift_matrix[6][6]', first unread bit '0'",axis_matmux_core.sv : 24
ASSIGN-10# 208,shift_matrix[6][7],axis_matmux_core,"Found bit(s) not read for IO port 'shift_matrix[6][7]', first unread bit '0'",axis_matmux_core.sv : 24
ASSIGN-10# 209,shift_matrix[6][8],axis_matmux_core,"Found bit(s) not read for IO port 'shift_matrix[6][8]', first unread bit '0'",axis_matmux_core.sv : 24
ASSIGN-10# 210,shift_matrix[6][9],axis_matmux_core,"Found bit(s) not read for IO port 'shift_matrix[6][9]', first unread bit '0'",axis_matmux_core.sv : 24
ASSIGN-10# 211,shift_matrix[7][0],axis_matmux_core,"Found bit(s) not read for IO port 'shift_matrix[7][0]', first unread bit '0'",axis_matmux_core.sv : 24
ASSIGN-10# 212,shift_matrix[7][10],axis_matmux_core,"Found bit(s) not read for IO port 'shift_matrix[7][10]', first unread bit '0'",axis_matmux_core.sv : 24
ASSIGN-10# 213,shift_matrix[7][11],axis_matmux_core,"Found bit(s) not read for IO port 'shift_matrix[7][11]', first unread bit '0'",axis_matmux_core.sv : 24
ASSIGN-10# 214,shift_matrix[7][12],axis_matmux_core,"Found bit(s) not read for IO port 'shift_matrix[7][12]', first unread bit '0'",axis_matmux_core.sv : 24
ASSIGN-10# 215,shift_matrix[7][13],axis_matmux_core,"Found bit(s) not read for IO port 'shift_matrix[7][13]', first unread bit '0'",axis_matmux_core.sv : 24
ASSIGN-10# 216,shift_matrix[7][14],axis_matmux_core,"Found bit(s) not read for IO port 'shift_matrix[7][14]', first unread bit '0'",axis_matmux_core.sv : 24
ASSIGN-10# 217,shift_matrix[7][15],axis_matmux_core,"Found bit(s) not read for IO port 'shift_matrix[7][15]', first unread bit '0'",axis_matmux_core.sv : 24
ASSIGN-10# 218,shift_matrix[7][1],axis_matmux_core,"Found bit(s) not read for IO port 'shift_matrix[7][1]', first unread bit '0'",axis_matmux_core.sv : 24
ASSIGN-10# 219,shift_matrix[7][2],axis_matmux_core,"Found bit(s) not read for IO port 'shift_matrix[7][2]', first unread bit '0'",axis_matmux_core.sv : 24
ASSIGN-10# 220,shift_matrix[7][3],axis_matmux_core,"Found bit(s) not read for IO port 'shift_matrix[7][3]', first unread bit '0'",axis_matmux_core.sv : 24
ASSIGN-10# 221,shift_matrix[7][4],axis_matmux_core,"Found bit(s) not read for IO port 'shift_matrix[7][4]', first unread bit '0'",axis_matmux_core.sv : 24
ASSIGN-10# 222,shift_matrix[7][5],axis_matmux_core,"Found bit(s) not read for IO port 'shift_matrix[7][5]', first unread bit '0'",axis_matmux_core.sv : 24
ASSIGN-10# 223,shift_matrix[7][6],axis_matmux_core,"Found bit(s) not read for IO port 'shift_matrix[7][6]', first unread bit '0'",axis_matmux_core.sv : 24
ASSIGN-10# 224,shift_matrix[7][7],axis_matmux_core,"Found bit(s) not read for IO port 'shift_matrix[7][7]', first unread bit '0'",axis_matmux_core.sv : 24
ASSIGN-10# 225,shift_matrix[7][8],axis_matmux_core,"Found bit(s) not read for IO port 'shift_matrix[7][8]', first unread bit '0'",axis_matmux_core.sv : 24
ASSIGN-10# 226,shift_matrix[7][9],axis_matmux_core,"Found bit(s) not read for IO port 'shift_matrix[7][9]', first unread bit '0'",axis_matmux_core.sv : 24
ASSIGN-10# 227,shift_matrix[8][0],axis_matmux_core,"Found bit(s) not read for IO port 'shift_matrix[8][0]', first unread bit '0'",axis_matmux_core.sv : 24
ASSIGN-10# 228,shift_matrix[8][10],axis_matmux_core,"Found bit(s) not read for IO port 'shift_matrix[8][10]', first unread bit '0'",axis_matmux_core.sv : 24
ASSIGN-10# 229,shift_matrix[8][11],axis_matmux_core,"Found bit(s) not read for IO port 'shift_matrix[8][11]', first unread bit '0'",axis_matmux_core.sv : 24
ASSIGN-10# 230,shift_matrix[8][12],axis_matmux_core,"Found bit(s) not read for IO port 'shift_matrix[8][12]', first unread bit '0'",axis_matmux_core.sv : 24
ASSIGN-10# 231,shift_matrix[8][13],axis_matmux_core,"Found bit(s) not read for IO port 'shift_matrix[8][13]', first unread bit '0'",axis_matmux_core.sv : 24
ASSIGN-10# 232,shift_matrix[8][14],axis_matmux_core,"Found bit(s) not read for IO port 'shift_matrix[8][14]', first unread bit '0'",axis_matmux_core.sv : 24
ASSIGN-10# 233,shift_matrix[8][15],axis_matmux_core,"Found bit(s) not read for IO port 'shift_matrix[8][15]', first unread bit '0'",axis_matmux_core.sv : 24
ASSIGN-10# 234,shift_matrix[8][1],axis_matmux_core,"Found bit(s) not read for IO port 'shift_matrix[8][1]', first unread bit '0'",axis_matmux_core.sv : 24
ASSIGN-10# 235,shift_matrix[8][2],axis_matmux_core,"Found bit(s) not read for IO port 'shift_matrix[8][2]', first unread bit '0'",axis_matmux_core.sv : 24
ASSIGN-10# 236,shift_matrix[8][3],axis_matmux_core,"Found bit(s) not read for IO port 'shift_matrix[8][3]', first unread bit '0'",axis_matmux_core.sv : 24
ASSIGN-10# 237,shift_matrix[8][4],axis_matmux_core,"Found bit(s) not read for IO port 'shift_matrix[8][4]', first unread bit '0'",axis_matmux_core.sv : 24
ASSIGN-10# 238,shift_matrix[8][5],axis_matmux_core,"Found bit(s) not read for IO port 'shift_matrix[8][5]', first unread bit '0'",axis_matmux_core.sv : 24
ASSIGN-10# 239,shift_matrix[8][6],axis_matmux_core,"Found bit(s) not read for IO port 'shift_matrix[8][6]', first unread bit '0'",axis_matmux_core.sv : 24
ASSIGN-10# 240,shift_matrix[8][7],axis_matmux_core,"Found bit(s) not read for IO port 'shift_matrix[8][7]', first unread bit '0'",axis_matmux_core.sv : 24
ASSIGN-10# 241,shift_matrix[8][8],axis_matmux_core,"Found bit(s) not read for IO port 'shift_matrix[8][8]', first unread bit '0'",axis_matmux_core.sv : 24
ASSIGN-10# 242,shift_matrix[8][9],axis_matmux_core,"Found bit(s) not read for IO port 'shift_matrix[8][9]', first unread bit '0'",axis_matmux_core.sv : 24
ASSIGN-10# 243,shift_matrix[9][0],axis_matmux_core,"Found bit(s) not read for IO port 'shift_matrix[9][0]', first unread bit '0'",axis_matmux_core.sv : 24
ASSIGN-10# 244,shift_matrix[9][10],axis_matmux_core,"Found bit(s) not read for IO port 'shift_matrix[9][10]', first unread bit '0'",axis_matmux_core.sv : 24
ASSIGN-10# 245,shift_matrix[9][11],axis_matmux_core,"Found bit(s) not read for IO port 'shift_matrix[9][11]', first unread bit '0'",axis_matmux_core.sv : 24
ASSIGN-10# 246,shift_matrix[9][12],axis_matmux_core,"Found bit(s) not read for IO port 'shift_matrix[9][12]', first unread bit '0'",axis_matmux_core.sv : 24
ASSIGN-10# 247,shift_matrix[9][13],axis_matmux_core,"Found bit(s) not read for IO port 'shift_matrix[9][13]', first unread bit '0'",axis_matmux_core.sv : 24
ASSIGN-10# 248,shift_matrix[9][14],axis_matmux_core,"Found bit(s) not read for IO port 'shift_matrix[9][14]', first unread bit '0'",axis_matmux_core.sv : 24
ASSIGN-10# 249,shift_matrix[9][15],axis_matmux_core,"Found bit(s) not read for IO port 'shift_matrix[9][15]', first unread bit '0'",axis_matmux_core.sv : 24
ASSIGN-10# 250,shift_matrix[9][1],axis_matmux_core,"Found bit(s) not read for IO port 'shift_matrix[9][1]', first unread bit '0'",axis_matmux_core.sv : 24
ASSIGN-10# 251,shift_matrix[9][2],axis_matmux_core,"Found bit(s) not read for IO port 'shift_matrix[9][2]', first unread bit '0'",axis_matmux_core.sv : 24
ASSIGN-10# 252,shift_matrix[9][3],axis_matmux_core,"Found bit(s) not read for IO port 'shift_matrix[9][3]', first unread bit '0'",axis_matmux_core.sv : 24
ASSIGN-10# 253,shift_matrix[9][4],axis_matmux_core,"Found bit(s) not read for IO port 'shift_matrix[9][4]', first unread bit '0'",axis_matmux_core.sv : 24
ASSIGN-10# 254,shift_matrix[9][5],axis_matmux_core,"Found bit(s) not read for IO port 'shift_matrix[9][5]', first unread bit '0'",axis_matmux_core.sv : 24
ASSIGN-10# 255,shift_matrix[9][6],axis_matmux_core,"Found bit(s) not read for IO port 'shift_matrix[9][6]', first unread bit '0'",axis_matmux_core.sv : 24
ASSIGN-10# 256,shift_matrix[9][7],axis_matmux_core,"Found bit(s) not read for IO port 'shift_matrix[9][7]', first unread bit '0'",axis_matmux_core.sv : 24
ASSIGN-10# 257,shift_matrix[9][8],axis_matmux_core,"Found bit(s) not read for IO port 'shift_matrix[9][8]', first unread bit '0'",axis_matmux_core.sv : 24
ASSIGN-10# 258,shift_matrix[9][9],axis_matmux_core,"Found bit(s) not read for IO port 'shift_matrix[9][9]', first unread bit '0'",axis_matmux_core.sv : 24
